{
  "timestamp": "20260122_131934",
  "config": {
    "skip_llm": false,
    "skip_verification": false,
    "skip_embedding": false,
    "project_filter": null
  },
  "data_stats": {
    "num_clusters": 45,
    "num_tests": 606,
    "num_ground_truth_clusters": 45,
    "tests_with_stack_traces": 102,
    "tests_with_source_code": 603
  },
  "categorization_stats": {
    "total_tests": 606,
    "tier1_count": 48,
    "tier1_pct": 7.920792079207921,
    "tier2_count": 45,
    "tier2_pct": 7.425742574257425,
    "tier3_count": 9,
    "tier3_pct": 1.4851485148514851,
    "tier4_count": 502,
    "tier4_pct": 82.83828382838284,
    "no_info_count": 2,
    "no_info_pct": 0.33003300330033003,
    "category_distribution": {
      "Networking": 241,
      "Other": 6,
      "Filesystem": 123,
      "Assertion": 104,
      "Configuration": 2,
      "Unknown": 111,
      "Timeout": 7,
      "Concurrency": 5,
      "Resource": 7
    }
  },
  "clustering_stats": {
    "B1-Random": {
      "num_clusters": 45,
      "num_tests": 606,
      "cluster_sizes": [
        14,
        9,
        14,
        14,
        19,
        14,
        17,
        13,
        13,
        11,
        16,
        7,
        15,
        16,
        16,
        21,
        17,
        15,
        10,
        13,
        12,
        13,
        10,
        11,
        12,
        13,
        11,
        19,
        9,
        14,
        8,
        9,
        15,
        8,
        18,
        17,
        11,
        13,
        14,
        9,
        14,
        14,
        22,
        15,
        11
      ]
    },
    "B2-TestClass": {
      "num_clusters": 106,
      "num_tests": 606,
      "cluster_sizes": [
        2,
        20,
        3,
        4,
        8,
        1,
        5,
        4,
        2,
        16,
        1,
        3,
        10,
        7,
        4,
        23,
        2,
        47,
        1,
        2,
        2,
        4,
        5,
        4,
        10,
        2,
        4,
        7,
        8,
        4,
        2,
        4,
        1,
        1,
        1,
        2,
        1,
        1,
        1,
        1,
        1,
        1,
        1,
        1,
        1,
        1,
        7,
        11,
        3,
        20,
        3,
        1,
        4,
        1,
        6,
        1,
        2,
        1,
        2,
        2,
        1,
        9,
        13,
        1,
        1,
        4,
        2,
        18,
        1,
        6,
        2,
        1,
        1,
        3,
        16,
        1,
        4,
        3,
        6,
        1,
        1,
        78,
        1,
        1,
        2,
        2,
        2,
        2,
        3,
        7,
        2,
        1,
        7,
        15,
        53,
        6,
        2,
        6,
        6,
        2,
        2,
        1,
        1,
        5,
        1,
        3
      ]
    },
    "B3-ExceptionType": {
      "num_clusters": 25,
      "num_tests": 606,
      "cluster_sizes": [
        504,
        13,
        9,
        2,
        1,
        10,
        3,
        2,
        1,
        1,
        25,
        2,
        1,
        1,
        1,
        1,
        5,
        4,
        1,
        1,
        6,
        1,
        8,
        1,
        2
      ]
    },
    "B4-Embedding": {
      "num_clusters": 27,
      "num_tests": 606,
      "cluster_sizes": [
        504,
        1,
        10,
        1,
        1,
        9,
        5,
        12,
        7,
        1,
        3,
        1,
        2,
        3,
        1,
        1,
        1,
        1,
        1,
        10,
        9,
        2,
        5,
        4,
        1,
        7,
        3
      ]
    },
    "B5-PureLLM": {
      "num_clusters": 137,
      "num_tests": 606,
      "cluster_sizes": [
        18,
        1,
        1,
        2,
        3,
        4,
        8,
        1,
        2,
        3,
        4,
        2,
        11,
        5,
        2,
        3,
        10,
        6,
        4,
        3,
        2,
        2,
        1,
        2,
        3,
        3,
        7,
        2,
        5,
        4,
        6,
        2,
        3,
        4,
        1,
        3,
        1,
        2,
        3,
        3,
        3,
        3,
        2,
        5,
        4,
        7,
        4,
        3,
        7,
        2,
        4,
        4,
        3,
        8,
        4,
        2,
        3,
        3,
        3,
        3,
        2,
        2,
        2,
        1,
        4,
        3,
        3,
        2,
        12,
        3,
        15,
        1,
        1,
        1,
        2,
        16,
        1,
        2,
        18,
        4,
        7,
        6,
        1,
        1,
        1,
        9,
        1,
        8,
        2,
        2,
        11,
        5,
        2,
        8,
        4,
        5,
        3,
        10,
        10,
        10,
        10,
        10,
        10,
        4,
        4,
        1,
        1,
        2,
        2,
        2,
        2,
        2,
        1,
        7,
        2,
        3,
        3,
        4,
        5,
        3,
        12,
        1,
        19,
        1,
        3,
        16,
        3,
        1,
        1,
        15,
        7,
        11,
        1,
        1,
        1,
        1,
        4
      ]
    },
    "Hybrid-Signature": {
      "num_clusters": 32,
      "num_tests": 606,
      "cluster_sizes": [
        29,
        5,
        79,
        7,
        43,
        57,
        55,
        16,
        5,
        2,
        2,
        18,
        8,
        4,
        1,
        3,
        15,
        112,
        2,
        25,
        15,
        56,
        17,
        1,
        1,
        8,
        7,
        2,
        1,
        2,
        6,
        2
      ]
    },
    "Hybrid-Verified": {
      "num_clusters": 297,
      "num_tests": 606,