{
  "sample_size": 9,
  "exact_agreement": 0.1111111111111111,
  "adjacent_agreement": 0.4444444444444444,
  "mae": 1.7777777777777777,
  "spearman_r": -0.21428571428571427,
  "spearman_p": 0.5798217662067431,
  "pearson_r": -0.2505843339778585,
  "pearson_p": 0.5154769238804668,
  "cohens_kappa": 0.04,
  "weighted_kappa_linear": -2.220446049250313e-16,
  "weighted_kappa_quadratic": -0.03327787021630613,
  "llm_score_distribution": {
    "4.0": 3,
    "1.33": 1,
    "3.0": 3,
    "1.0": 1,
    "3.67": 1
  },
  "human_score_distribution": {
    